Simulation time: Wed Dec  8 10:29:48 2010

CSVexample.log.csv
 
"time /delta";"AVTool.param_for_default_op";"AVTool.param_for_default_opB";"Owner.int_param";"Owner.int_param1";"Owner.int_param2";"Owner.int_param3";"Owner.logic_param";"Owner.str_param";"Owner.sub.int_param4";"Owner.sub.int_param5";"Owner.uint64_param";"Owner.uint_param";
"1 ns /1";;;"101";;;;"Z";"Hello World!";;;"18446744073709551615";"670"
"2 ns /3";;;"104";;;;;;;;;
"2 ns /4";;;"106";;;;;"Hello Germany!";;;;
"2 ns /5";;;;;;;;"Hello Arizona!";;;;
"2 ns /6";;;;;;;"1";"Hello France!";;;"18446744073709551614";
"3 ns /7";;;;;;;;;;;;"2000"
"5 ns /8";;;"222";;;;;"new hello";;;;"3000"
"106 ns /10";;;"133";;;;;;;;;
"210 ns /18";;;"10000";;;;;;;;;
